[
    [
        "62534 Unable to set a shortcut to stage or revert git change after Show Next Change (when dirtyDiffVisible)", 
        "2018-11-04T05:30:31Z", 
        "\ndhalima3\n 2018-11-04T05:30:31Z", 
        "\n\nVSCode Version: 1.28.2\nOS Version: macOS High Sierra 10.13.5\n\nSteps to Reproduce:\n\nAssign a shortcut to stage and revert change when dirtyDiffVisible.  Below is what I had in my keybindings.json file.\n\n    {\n        \"key\": \"alt+cmd+a\",\n        \"command\": \"git.stageChange\",\n        \"when\": \"dirtyDiffVisible\"\n    },\n    {\n        \"key\": \"alt+cmd+z\",\n        \"command\": \"git.revertChange\",\n        \"when\": \"dirtyDiffVisible\"\n    }\n\nLoad a file with some unstaged changes.  Use command Show next change from the command palette to go to next change and bring up dirty diff view.  When evoking the shortcut to either stage or revert the change, the following error message pops up \"Git: Cannot read property 'toString' of undefined\"\n\nClicking the buttons manually doesn't produce the issue, but using the keyboard shortcut does.  As you can see from the screenshot, it seems like vscode has correctly mapped the action to the shortcut.\n\n\nDoes this issue occur when all extensions are disabled?: Yes\n", 
        "\nvscodebot\nbot\n 2018-11-04T05:30:36Z", 
        "\n(Experimental duplicate detection)\nThanks for submitting this issue. Please also check if it is already covered by an existing one, like:\n\nGit: Provide single shortcut for \"Stage Changes\"/\"Unstage Changes\" (#44592) \n\n", 
        "\njoaomoreno\n 2018-11-12T10:21:30Z", 
        "\nTry using git.stageSelectedRanges and git.revertSelectedRanges instead.\n", 
        "\ndhalima3\n 2018-11-13T04:35:20Z", 
        "\nUsing git.stageSelectedRanges and git. revertSelectedRanges works when the cursor is on the same line as the change.  However, it seems that invoking the command workbench.action.editor.nextchange doesn't move the cursor resulting in the git commands not working.\nWill this be addressed as part of this issue and merge request?\n"
    ]
]