[
    [
        "41565 Detect git repositories under ignored paths", 
        "2018-01-13T09:15:11Z", 
        "\nYajo\n 2018-01-13T09:15:11Z", 
        "\nThis is a feature request.\nI work in several projects, mostly Docker-related, where I need to edit code inside git repositories that are ignored inside the main one.\nExample file tree:\nmain-repo/\n  .git/\n  .gitignore # <-- Here we ignore the `external_sources` folder\n  src/\n    [files]\n  external_sources/\n    extra1/\n      .git/\n      [files]\n    extra2/\n      .git/\n      [files]\n\nThe reasoning behind this is an aggregated Docker project that includes sources from many unrelated places. Developing means mounting local code, changing it, and pushing code to all repos (the main one and the ones under external_sources, where we mainly need to open PRs for that), but deploying to production means building a different Docker image where we download and merge external code instead of copying it from localhost.\nBoilerplate apart, the feature request is to be able to find those subrepositories, even if they are untracked from the main one, and let the user use the full SCM interface (diffs, SCM section...) on them.\nRight now, the diffs do not show because you are editing ignored code, and the SCM does not show these folders for the same reason.\nI gues that now that multi-root workspaces are in, this shouldn't be so hard to achieve...\nThanks!\n", 
        "\njoaomoreno\n 2018-01-18T08:19:22Z", 
        "\nWhat happens if you create a workspace and add the root folder and those extra1 and extra2 folders to it?\n", 
        "\nYajo\n 2018-01-18T12:42:25Z", 
        "\nNo git features work, no matter if you edit the file from within the main folder or others.\n", 
        "\njrtashjian\n 2018-01-30T23:42:33Z", 
        "\nI ran into this exact issue when setting up root folders in a workspace. The only work around right now is to not use workspaces and instead open each of the other root directories into their own window update the order of the paths in the workspace config file so that the sub-folders are listed before the root folder. It seems as though vscode doesn't separate the .gitignore for each root folder.\nTake the following folder structure for reproducing the issue:\nproject-folder/\n    .git/\n    .gitignore\n    sub-folder-one/\n    sub-folder-two/\n        sub-sub-folder-one/\n            .git/\n            .gitignore\n        sub-sub-folder-one/\n            .git/\n            .gitignore\n\nThe project-folder/.gitignore file contains the following line:\n/sub-folder-two/*\n\nSteps to reproduce when adding the subfolder to the workspace:\n\nOpen up Visual Studio Code.\nClick \"Add Folder to Workspace...\" from the \"File\" menu.\nAdd project-folder/\nClick \"Add Folder to Workspace...\" from the \"File\" menu again.\nAdd project-folder/sub-folder-two/sub-sub-folder-one/\nMake a change within the project-folder/ and you'll see the change reflected in the Source Control sidebar.\nMake a change within the project-folder/sub-folder-two/sub-sub-folder-one/ and you won't see any changes in the Source Control sidebar.\n\nSteps to reproduce when adding the root to the workspace:\nThis resolves the issue\n\nOpen up Visual Studio Code.\nClick \"Add Folder to Workspace...\" from the \"File\" menu again.\nAdd project-folder/sub-folder-two/sub-sub-folder-one/\nClick \"Add Folder to Workspace...\" from the \"File\" menu.\nMake a change within the project-folder/sub-folder-two/sub-sub-folder-one and you'll see the change reflected in the Source Control sidebar.\nAdd project-folder/\nMake a change within the project-folder/ and you'll see the change reflected in the Source Control sidebar.\n\nIn this process the changes to the sub-folder are still reflected in the Source Control sidebar and both Git repos are listed under \"Source Control Providers.\"\nThe order of the added directories matters.\nI'm not sure if this is intendend functionality but this is what my investigation has pointed out.\nThis doesn't work\n{\n    \"folders\": [\n        {\n            \"path\": \"./\"\n        },\n        {\n            \"path\": \"./sub-folder-two/sub-sub-folder-one\"\n        }\n    ],\n    \"settings\": {}\n}\n\nThis works\n{\n    \"folders\": [\n        {\n            \"path\": \"./sub-folder-two/sub-sub-folder-one\"\n        },\n        {\n            \"path\": \"./\"\n        }\n    ],\n    \"settings\": {}\n}\n\nI'm not sure what the absolute solution should be but setting modifying the order of the paths in the workspace config file is my current solution.\nHope this helps!\nEdit: Changed the solution in the top paragraph. Testing and debugging while writing up the issue is always fun haha.\n", 
        "\nYajo\n 2018-02-01T15:49:04Z", 
        "\nInteresting... In any case I guess when sub-gits exist in a project, those should get detected automatically, without the need of adding them to workspace, etc.\n", 
        "\njcezarms\n 2018-02-21T21:14:05Z", 
        "\nI'm currently working on a project that's directly affected by this.\nSadly, @jrtashjian's solution almost meets my needs - it works, but most of my build & test related extensions need to have the main repo as first root folder.\n", 
        "\nboyd91\n 2018-08-09T09:51:01Z", 
        "\n+1\nDropped in to give this issue a little push. I'm waiting for a solution as @jrtashjian's workaround works but is not convenient in my situation.\n", 
        "\nashwinmenkudle\n 2018-08-23T11:33:02Z", 
        "\n+1\n", 
        "\njshall\n 2019-04-16T20:23:57Z", 
        "\nI though listing the sub-folder in git.scanRepositories from #56504 should solve this, but .gitignore overrides even that.\n"
    ]
]