[
    [
        "31069 vscode calls `git status` when in background, which can cause other git usages to fail", 
        "2017-07-20T07:13:10Z", 
        "\njoelhock\n 2017-07-19T19:04:02Z", 
        "\n\nVSCode Version: Code 1.14.1 (2648980, 2017-07-13T19:08:57.197Z)\nOS Version: Darwin x64 16.5.0\nExtensions:\n\n\n\n\nExtension\nAuthor (truncated)\nVersion\n\n\n\n\nyou-complete-me\nRic\n1.0.36\n\n\nproject-manager\nale\n0.18.1\n\n\ngithistory\ndon\n0.2.1\n\n\npython\ndon\n0.6.7\n\n\ngitlens\neam\n4.3.1\n\n\nvscode-great-icons\nemm\n2.1.11\n\n\ncpptools\nms-\n0.11.4\n\n\nrewrap\nstk\n1.4.1\n\n\nbetter-align\nwwm\n1.1.6\n\n\n\n\nThis is a new issue to track the discussion starting at this point on an old issue starting here:\n#901 (comment)\n@fredizzimo @alexjeffburke @benesch have all recently reported the same problem.\nSteps to Reproduce:\n\nopen vscode to a git project\nswitch away from vscode to a terminal\ntouch a file in in git project\nobserve the blue \"clock\" on top of the version control icon flashes in vscode\noccasionally, trying to do a rebase in the terminal window with vscode open in the background will fail with fatal: Unable to create '.git/index.lock': File exists\n\nYou can avoid the problem with \"git.autorefresh\": false, but it's sad to have to lose all the functionality just to avoid this problem.  I posit that the protections against background git status calls added in faeb58e were lost when the git code was refactored into an extension.\nI've gone so far as to run this in the background, but it's a bit convoluted to expect people to do that.\n#!/usr/bin/env osascript -l JavaScript\n\nfunction run(argv) {\n    var app = Application.currentApplication()\n    app.includeStandardAdditions = true\n\n    vscode = Application('Electron')\n    // add git.autorefresh to user config file if it isn't already there\n    app.doShellScript('grep -q git.autorefresh ~/Library/Application\\\\ Support/Code/User/settings.json || ' +\n                      'perl -i -0pe \\'s%(.*)}(.*)%$1\\\\n    //updated by external script\\\\n    , \"git.autorefresh\": true\\\\n}$2%s\\' ~/Library/Application\\\\ Support/Code/User/settings.json')\n    while (vscode.running()) {\n        delay(1)\n        if (vscode.frontmost()) {\n            app.doShellScript(\n                'grep -q \\'\"git.autorefresh\": false\\' ~/Library/Application\\\\ Support/Code/User/settings.json && ' +\n                'sed -e \\'s/\"git.autorefresh\": false/\"git.autorefresh\": true/\\' -i .bak  ~/Library/Application\\\\ Support/Code/User/settings.json || true')\n        } else {\n            app.doShellScript(\n                'grep -q \\'\"git.autorefresh\": true\\' ~/Library/Application\\\\ Support/Code/User/settings.json && ' +\n                'sed -e \\'s/\"git.autorefresh\": true/\"git.autorefresh\": false/\\' -i .bak  ~/Library/Application\\\\ Support/Code/User/settings.json || true')\n        }\n    }\n}\n\n", 
        "\njoaomoreno\n 2017-07-20T07:13:10Z", 
        "you-complete-me"
    ]
]