[
    [
        "30378 Git: Add a substitution variable for the current git repository", 
        "2019-10-09T13:12:59Z", 
        "\nGruntfuggly\n 2017-07-11T08:50:05Z", 
        "\nThe equivalent of:\n$(git rev-parse --show-toplevel 2>/dev/null)\nwould be really useful...\n", 
        "\njoaomoreno\n 2017-07-11T16:22:43Z", 
        "\nWhere would you use it in?\n", 
        "\nGruntfuggly\n 2017-07-11T17:25:44Z", 
        "\nIn the browse and include paths used by the cpp plugin - assuming it would be available...\n", 
        "\njoaomoreno\n 2017-07-12T05:48:11Z", 
        "\nOK, wouldn't the current workspace path be enough for you?\n", 
        "\nGruntfuggly\n 2017-07-12T07:45:18Z", 
        "\nNo - unfortunately our code base is large, so I have multiple workspaces within the same repo. The browse and includes paths have several entries which are outside the workspace, but within the git repo. Relative paths don't always work because some workspaces are at different levels within the repo. The repo can also be checked out in any other folder. So the one thing that is consistent between them all is the root of the repository.\n", 
        "\nThaina\n 2017-07-13T04:04:47Z", 
        "\nAlso want this feature. I want to set environment variable for launch.json and tasks.json to match the current branch name\n", 
        "\nThaina\n 2017-08-22T05:38:26Z", 
        "\n@joaomoreno Isn't this already be a variable in vscode?\nhttps://github.com/Microsoft/vscode/blob/eac49a321b84cb9828430e9dcd3f34243a3480f7/extensions/git/src/statusbar.ts#L36\nCan we access it in variable substitution?\n", 
        "\ndb4\n 2017-10-09T08:10:36Z", 
        "\n@joaomoreno, I'm second to @Thaina question. Maybe $(git-branch) can be accessed via ${command:CommandID} syntax?\n", 
        "\nGruntfuggly\n 2017-11-10T00:56:20Z", 
        "\n@Thaina You can actually do this for the tasks.json file. You can add\n            \"options\": {\n                \"env\": {\n                    \"WHATEVER\": \"VALUE\"\n                }\n            }\n\nThe cool thing I found out today is that you can do something like:\n\"GIT_BRANCH\":\"`echo git rev-parse --abbrev-ref HEAD`\"\n\nwhich will set $GIT_BRANCH to your current branch, which can be accessed using ${GIT_BRANCH} in the command...\n", 
        "\nThaina\n 2017-11-10T01:37:08Z", 
        "\n@Gruntfuggly I suspect that it only be accessed in command which will execute that. If I access environment variable directly in the code would it be the branch name or that git command text?\n", 
        "\nGruntfuggly\n 2017-11-10T08:41:34Z", 
        "\n@Thaina I currently do:\n           \"command\": \". ${WORKSPACE}/env.sh; qmake <etc.> ; make <etc.>\",\n            \"options\": {\n                \"env\": {\n                    \"WORKSPACE\": \"`echo $(git rev-parse --show-toplevel 2>/dev/null)`\"\n                }\n            },\n\nWhich finds the root folder of the git repo and exectutes the env.sh script in the right place, but also the qmake has access to the WORKSPACE variable and is used to pull in other files.\nI've realised I put the quotes in the wrong place in my first example (fixed now).\n", 
        "\nThaina\n 2018-02-20T03:46:49Z", 
        "\n@joaomoreno Really, can we have a command that just return that $(git-branch) variable?\nShouldn't it as easy as\ncommands.registerCommand('git.branch', () => $(git-branch));\n{\n    \"GIT_BRANCH\" : \"${command:git.branch}\"\n}\n?\n", 
        "\njoaomoreno\n 2018-09-18T13:45:46Z", 
        "\nSince you can have multiple git repositories open, what would you expect in that case?\n", 
        "\nThaina\n 2018-09-18T13:50:01Z", 
        "\n@joaomoreno It should be the git repo of the project itself when it running or debugging\n", 
        "\njoaomoreno\n 2018-09-18T13:57:06Z", 
        "\nWe can implement it as a command. But commands don't have any context... So it would not know which repository you'd mean.\n", 
        "\nThaina\n 2018-09-18T14:17:10Z", 
        "\n@joaomoreno OK but then what would happen in this line of code?\nhttps://github.com/Microsoft/vscode/blob/eac49a321b84cb9828430e9dcd3f34243a3480f7/extensions/git/src/statusbar.ts#L36\n", 
        "\njoaomoreno\n 2018-09-19T08:14:21Z", 
        "\nThat is an icon.\n", 
        "\nvscodebot\nbot\n 2018-09-26T11:08:09Z", 
        "\nThis issue has been closed automatically because it needs more information and has not had recent activity. See also our issue reporting guidelines.\nHappy Coding!\n", 
        "\nThaina\n 2019-07-18T10:41:25Z", 
        "\nStill not possible?\n", 
        "\nvscodebot\nbot\n 2019-10-09T13:12:58Z", 
        "\nThis issue is being closed to keep the number of issues in our inbox on a manageable level, we are closing issues that are not going to be addressed in the foreseeable future: We look at the number of votes the issue has received and the number of duplicate issues filed. More details here. If you disagree and feel that this issue is crucial: We are happy to listen and to reconsider.\nIf you wonder what we are up to, please see our roadmap and issue reporting guidelines.\nThanks for your understanding and happy coding!\n"
    ]
]