[
    [
        "23976 Extension host terminated unexpectedly. Please reload the window to recover. (Huge repo)", 
        "2017-04-19T07:01:56Z", 
        "\nshaunqiu\n 2017-04-06T02:56:52Z", 
        "\n\nVSCode Version: Code 1.11.0 (9122ec4, 2017-04-05T20:52:01.201Z)\nOS Version: Darwin x64 16.5.0\nExtensions:\n\n\n\n\nExtension\nAuthor\nVersion\n\n\n\n\nswagger-viewer\nArjun\n1.3.0\n\n\nxml\nDotJoshJohnson\n1.7.0\n\n\nvscode-npm-script\neg2\n0.1.8\n\n\ntext-transform\nflorianloch\n0.1.0\n\n\njava\nredhat\n0.0.11\n\n\nvscode-icons\nrobertohuertasm\n7.3.0\n\n\nguides\nspywhere\n0.7.0\n\n\nMaterial-theme\nzhuangtongfa\n2.2.5\n\n\n\n\nSteps to Reproduce:\n1.Run any javascript file > F5.\n2.Debugging. > after 1 or 2 mins.\n3.Extension host terminated unexpectedly. Please reload the window to recover.\n4.Reload Window.\n", 
        "\npradeepambati\n 2017-04-06T03:16:33Z", 
        "swagger-viewer", 
        "\nroblourens\n 2017-04-06T03:41:52Z", 
        "Arjun", 
        "\nroblourens\n 2017-04-06T03:42:23Z", 
        "1.3.0", 
        "\nshaunqiu\n 2017-04-06T03:49:14Z", 
        "xml", 
        "\nroblourens\n 2017-04-06T03:53:10Z", 
        "DotJoshJohnson", 
        "\nshaunqiu\n 2017-04-06T06:27:08Z", 
        "1.7.0", 
        "\nfuchen\n 2017-04-06T06:42:20Z", 
        "vscode-npm-script", 
        "\nshaunqiu\n 2017-04-06T06:52:57Z", 
        "eg2", 
        "\nDrinQ\n 2017-04-06T07:07:00Z", 
        "0.1.8", 
        "\ncvillerm\n 2017-04-06T09:02:56Z", 
        "text-transform", 
        "\nTalhamansoor\n 2017-04-06T10:51:06Z", 
        "florianloch", 
        "\nyliaho\n 2017-04-06T12:00:18Z", 
        "0.1.0", 
        "\nconnoralbright\n 2017-04-06T13:44:33Z", 
        "java", 
        "\nchrmarti\n 2017-04-06T14:45:16Z", 
        "redhat", 
        "\nSylvia-Olliff\n 2017-04-06T14:56:40Z", 
        "0.0.11", 
        "\njoaomoreno\n 2017-04-06T16:22:17Z", 
        "vscode-icons", 
        "\ncvillerm\n 2017-04-06T16:55:16Z", 
        "robertohuertasm", 
        "\nSylvia-Olliff\n 2017-04-06T17:06:34Z", 
        "7.3.0", 
        "\nconnoralbright\n 2017-04-06T17:27:08Z", 
        "guides", 
        "\nchrmarti\n 2017-04-06T20:41:42Z", 
        "spywhere", 
        "\nconnoralbright\n 2017-04-06T20:45:52Z", 
        "0.7.0", 
        "\nshaunqiu\n 2017-04-07T01:36:00Z", 
        "Material-theme", 
        "\nTalhamansoor\n 2017-04-07T05:15:51Z", 
        "zhuangtongfa", 
        "\ntpersaud\n 2017-04-26T08:34:36Z", 
        "2.2.5", 
        "\nMehdiRaash\n 2017-05-11T14:56:13Z", 
        "\nI am also experiencing same issue with VSCode 1.11.0. I have issue with projects which are local i.e. that are not linked with any github or gitlab. If I open a project which .gitignore, VSCode runs fine.\n", 
        "\ntfsantosbr\n 2017-06-27T04:01:38Z", 
        "\n@pradeepambati Can you open a new issue, and also try starting code with --disable-extensions to figure out whether one of your extensions is causing this issue?\n", 
        "\nmfaizanchaki\n 2017-06-28T02:30:53Z", 
        "\n@mssky-shaun-qiu Do you have a launch.json file? Can you post it here? And is there anything particular you do while debugging that causes this message to appear?\n", 
        "\nandmill\n 2017-06-28T10:46:19Z", 
        "\n@roblourens I didn't do any particular thing, it appears after I upgrade to the new version this 2 hours ago.\nlaunch.json\n{\n// Use IntelliSense to learn about possible Node.js debug attributes.\n// Hover to view descriptions of existing attributes.\n// For more information, visit: https://go.microsoft.com/fwlink/?linkid=830387\n\"version\": \"0.2.0\",\n\"configurations\": [\n{\n\"type\": \"node\",\n\"request\": \"launch\",\n\"name\": \"Launch Program\",\n\"program\": \"${file}\",\n\"cwd\": \"${workspaceRoot}\",\n\"outFiles\": []\n},\n{\n\"type\": \"node\",\n\"request\": \"attach\",\n\"name\": \"Attach to Process\",\n\"port\": 5858,\n\"outFiles\": []\n}\n]\n}\n", 
        "\nhantsy\n 2017-07-09T13:50:07Z", 
        "\nCan you try starting code with --disable-extensions, then debugging, to see if the issue still happens?\nAnd what version of node are you debugging?\n", 
        "\nctdalton\n 2017-07-10T03:48:56Z", 
        "\nI don't know how to start code with --disable-extensions in OS...\nAnswer:  open ./Visual\\ Studio\\ Code.app/ --args --disable-extensions\nThe node version:\nNevermore:trunk moo$ node -v\nv6.10.0\n\n", 
        "\nmralanjones\n 2017-07-11T15:43:44Z", 
        "\nI encountered exactly the same issue after upgraded to VS Code v1.11.0.\n\nOS: Windows 10\nVSCode: 1.11.0\nNode: v6.9.4 32bit\n\nI am working on a typescript project. Everything is OK before v1.11.0. After upgraded, auto-completion is unavailable when the error occurs. And tslint prompts errors much slower.\n", 
        "\nTalhamansoor\n 2017-07-11T20:18:08Z", 
        "\nDisable all extensions(they are all grey), but the error come again.\n@fuchen Yes, Typescript!\n", 
        "\nctdalton\n 2017-07-12T04:33:23Z", 
        "\nI seem to have the same issue. Also still getting the same message after disabling all my extensions.\nThis is a simple php project, residing in a remote shared folder.\nDoesn't happen for a local clone of the project..\n\nOS: Windows 10\nVSCode: 1.11.0\n\n", 
        "\njames-gould\n 2017-07-12T10:14:50Z", 
        "\nSame issue with Win10 after upgrading to VSCode 1.11.0 with a Node.js application.\nHappens as well when disabling extensions.\nThe Git icon on the left pane is displayed with a blue watch decoration and after several minutes, the Source Control Git pane displays lots of files to be updated, even if they are not in my application folder (e.g. d:\\Tmp\\hello-world), but in the parent folder (e.g. d:\\Tmp).\nI reverted it to an earlier version so that I can continue to work.\nUpdated after running in --verbose mode and an exception was triggered:\n[13620:0406/110959:INFO:CONSOLE(5)] \"[uncaught exception]: Error: write EPIPE\", source: file:///C:/Program%20Files%20(x86)/Microsoft%20VS%20Code/resources/app/out/vs/workbench/electron-browser/bootstrap/index.js (5)\n[13620:0406/110959:INFO:CONSOLE(5)] \"Error: write EPIPE\n    at exports._errnoException (util.js:1026:11)\n    at Socket._writeGeneric (net.js:706:26)\n    at Socket._write (net.js:725:8)\n    at doWrite (_stream_writable.js:307:12)\n    at writeOrBuffer (_stream_writable.js:293:5)\n    at Socket.Writable.write (_stream_writable.js:220:11)\n    at Socket.write (net.js:651:40)\n    at Immediate.<anonymous> (file:///C:/Program Files (x86)/Microsoft VS Code/resources/app/out/vs/workbench/electron-browser/workbench.main.js:28:176777)\n    at runCallback (timers.js:574:20)\n    at tryOnImmediate (timers.js:554:5)\", source: file:///C:/Program%20Files%20(x86)/Microsoft%20VS%20Code/resources/app/out/vs/workbench/electron-browser/bootstrap/index.js (5)\n[13620:0406/110959:INFO:CONSOLE(160)] \"Uncaught Error: write EPIPE\", source: events.js (160)\n[13620:0406/111000:INFO:CONSOLE(28)] \"Extension host terminated unexpectedly. Please reload the window to recover.\", source: file:///C:/Program Files (x86)/Microsoft VS Code/resources/app/out/vs/workbench/electron-browser/workbench.main.js (28)\n[13620:0406/111000:INFO:CONSOLE(29)] \"Extension host terminated unexpectedly. Code: \", source: file:///C:/Program Files (x86)/Microsoft VS Code/resources/app/out/vs/workbench/electron-browser/workbench.main.js (29)\n[13620:0406/111020:INFO:CONSOLE(20)] \"ApplicationInsights:Sender\", source: C:\\Program Files (x86)\\Microsoft VS Code\\resources\\app\\node_modules\\applicationinsights\\Library\\Logging.js (20)\n\n", 
        "\nhantsy\n 2017-07-13T02:31:30Z", 
        "\nI am also facing same issue the only extension I have installed is Material Theme extension and I have also checked after disabling it but the error was there whereas I have uninstalled and reinstalled vscode again but still the error is persisting..\n\n", 
        "\nhantsy\n 2017-07-13T02:47:32Z", 
        "\nI'm having this too. Not a single plugin seem to work, except the themes...\n", 
        "\nwali135\n 2017-07-26T21:06:40Z", 
        "\nI'm getting this too, in all of my workspaces with git repositories.\nSet git to false in the preferences and error stopped.\n\nVSCode Version: Code 1.11.0 (9122ec4, 2017-04-05T20:59:05.375Z)\nOS Version: Windows_NT ia32 6.1.7601\nExtensions:\n\n\n\n\nExtension\nAuthor\nVersion\n\n\n\n\npython\ndonjayamanne\n0.6.0\n\n\nvscode-autohotkey\nslevesque\n0.1.1\n\n\n\n\n", 
        "\njames-gould\n 2017-07-26T21:14:45Z", 
        "python", 
        "\nnatuan62\n 2017-07-27T08:54:47Z", 
        "donjayamanne", 
        "\nm-neill\n 2017-08-11T13:49:45Z", 
        "0.6.0", 
        "\nchrmarti\n 2017-08-11T14:49:31Z", 
        "vscode-autohotkey", 
        "\ntonghuashuo\n 2017-08-17T03:01:06Z", 
        "slevesque", 
        "\nhantsy\n 2017-08-17T03:23:26Z", 
        "0.1.1", 
        "\ntonghuashuo\n 2017-08-17T07:23:36Z", 
        "\nThose seeing a busy Git icon: Does setting \"git.enabled\": false in the settings work around the problem? (Possibly related: #23974)\n", 
        "\nAndrewStobie\n 2017-08-18T16:30:32Z", 
        "\nThat 'fixed' it for me. Thankfully with the built in terminal Git is still relatively readily available till embedded Git, 'gets' fixed.\n", 
        "\nblachawk\n 2017-10-02T15:14:04Z", 
        "\n@mssky-shaun-qiu Does the error occur even if you don't start debugging?\n@TITANJC Does your error occur when debugging? What do you observe?\n@Talhamansoor Are you editing files in a network share?\n", 
        "\nandmill\n 2017-10-02T15:27:50Z", 
        "\nSetting \"git.enabled\": false is indeed avoiding the exception on my side too.\nBy the way, the update to the just released VSCode 1.11.1 seems to fix the problem, even if the related issue #23977 seems to still be open\n", 
        "\nmalorus\n 2017-10-03T17:46:17Z", 
        "\n@joaomoreno I'm not sure what you are referring to. This error occurs on starting up Visual Studio regardless of anything else that I do, however it does not occur when I set git.enabled to false.\nI also just updated to 1.11.1 and it has not resolved the problem for me.\n", 
        "\nssjzhong\n 2017-10-10T07:28:25Z", 
        "\nI just updated to 1.11.1 and when I re-enable git the error comes back.\n"
    ]
]